alias FrankPellegrini Frank Pellegrini <frankp@teamplayinc.com>
alias PatTeamplay Patrick Cox <patc@teamplayinc.com>
alias JeffBykowski Jeff Bykowski <jeffb@teamplayinc.com>
alias JoeCicak Joe Cicak <jcicak@comcast.net>
alias PatUsan Patrick Cox <pat@u-san-usa.com>
alias KenFedesna Ken Fedesna <kfedesna@comcast.net>
alias JaneKreuter Jane Kreuter <jkreu103@yahoo.com>
alias NickLamantia Nick Lamantia <nlamantia@b2bcomp.com>
alias BobbyLlereza Bobby Llereza <3dbobby@gmail.com>
alias EdPellegrini Ed Pellegrini <ed.pellegrini@yahoo.com>
alias KylePlatt Kyle Platt <psywiped@gmail.com>
alias BrianSmolik Brian Smolik <brian.smolik@gmail.com>
alias MikeYoung Mike Young <myoung@dnpphoto.com>
alias Faith Faith <faithk@funstopphotos.com>
alias Cole Cole <chabbley@my.devry.edu>
alias genog Geno Giuntolli <genog@teamplayinc.com>
alias Noelia Noelia <noeliar@teamplayinc.com>
alias barbarad Barbara Doroz <barbarad@teamplayinc.com>
